Metric,Score
BLEU,0.21799305733195962
METEOR,0.6030612675541122
ROUGE-1,0.43116320497780025
ROUGE-2,0.29888155892264406
ROUGE-L,0.4186556591285139
